{
  "Culture": "en",
  "Texts": {
    "Menu:Home": "Home",
    "Welcome": "Welcome",
    "LongWelcomeMessage": "Welcome to the application. This is a startup project based on the ABP framework. For more information, visit abp.io.",
    "Menu:BookStore": "Book Store",
    "Menu:Books": "Books",
    "Actions": "Actions",
    "Edit": "Edit",
    "PublishDate": "Publish date",
    "NewBook": "New book",
    "Name": "Name",
    "Type": "Type",
    "Price": "Price",
    "CreationTime": "Creation time",
    "AreYouSureToDelete": "Are you sure you want to delete this item?",
    "Enum:BookType:0": "Undefined",
    "Enum:BookType:1":"Adventure",
    "Enum:BookType:2": "Biography",
    "Enum:BookType:3": "Dystopia",
    "Enum:BookType:4": "Fantastic",
    "Enum:BookType:5": "Horror",
    "Enum:BookType:6": "Science",
    "Enum:BookType:7": "Science fiction", 
    "Enum:BookType:8": "Poetry",
    "BookDeletionConfirmationMessage": "Are you sure to delete the book '{0}'?",
    "SuccessfullyDeleted": "Successfully deleted!",
    "Permission:BookStore": "Book Store",
    "Permission:Books": "Book Management",
    "Permission:Books.Create": "Creating new books",
    "Permission:Books.Edit": "Editing the books",
    "Permission:Books.Delete": "Deleting the books",
    "BookStore:00001": "There is already an author with the same name: {name}",
    "Permission:Authors": "Author Management",
    "Permission:Authors.Create": "Creating new authors",
    "Permission:Authors.Edit": "Editing the authors",
    "Permission:Authors.Delete": "Deleting the authors",
    "Menu:Authors": "Authors",
    "Authors": "Authors",
    "AuthorDeletionConfirmationMessage": "Are you sure to delete the author '{0}'?",
    "BirthDate": "Birth date",
    "NewAuthor": "New author"
  }
}
