{
  "x-generator": "NSwag v13.14.0.0 (NJsonSchema v10.5.2.0 (Newtonsoft.Json v13.0.0.0))",
  "openapi": "3.0.0",
  "info": {
    "title": "AspNetCoreSpa API",
    "version": "1.0.0"
  },
  "paths": {
    "/api/App/SetLanguage": {
      "post": {
        "tags": [
          "App"
        ],
        "operationId": "App_SetLanguage",
        "parameters": [
          {
            "name": "culture",
            "in": "query",
            "schema": {
              "type": "string",
              "nullable": true
            },
            "x-position": 1
          }
        ],
        "responses": {
          "200": {
            "description": "",
            "content": {
              "application/octet-stream": {
                "schema": {
                  "type": "string",
                  "format": "binary"
                }
              }
            }
          }
        }
      }
    },
    "/api/App/GetApplicationData": {
      "get": {
        "tags": [
          "App"
        ],
        "operationId": "App_GetApplicationData",
        "responses": {
          "200": {
            "description": "",
            "content": {
              "application/json": {
                "schema": {
                  "$ref": "#/components/schemas/ApplicationDataViewModel"
                }
              }
            }
          }
        }
      }
    },
    "/api/Categories/GetAll": {
      "get": {
        "tags": [
          "Categories"
        ],
        "operationId": "Categories_GetAll",
        "responses": {
          "200": {
            "description": "",
            "content": {
              "application/json": {
                "schema": {
                  "$ref": "#/components/schemas/CategoriesListVm"
                }
              }
            }
          }
        },
        "security": [
          {
            "JWT": []
          }
        ]
      }
    },
    "/api/Categories/Upsert": {
      "post": {
        "tags": [
          "Categories"
        ],
        "operationId": "Categories_Upsert",
        "requestBody": {
          "x-name": "command",
          "content": {
            "application/json": {
              "schema": {
                "$ref": "#/components/schemas/UpsertCategoryCommand"
              }
            }
          },
          "required": true,
          "x-position": 1
        },
        "responses": {
          "200": {
            "description": ""
          },
          "default": {
            "description": "",
            "content": {
              "application/json": {
                "schema": {
                  "$ref": "#/components/schemas/ProblemDetails"
                }
              }
            }
          }
        },
        "security": [
          {
            "JWT": []
          }
        ]
      }
    },
    "/api/Categories/Delete/{id}": {
      "delete": {
        "tags": [
          "Categories"
        ],
        "operationId": "Categories_Delete",
        "parameters": [
          {
            "name": "id",
            "in": "path",
            "required": true,
            "schema": {
              "type": "integer",
              "format": "int32"
            },
            "x-position": 1
          }
        ],
        "responses": {
          "204": {
            "description": ""
          },
          "404": {
            "description": "",
            "content": {
              "application/json": {
                "schema": {
                  "$ref": "#/components/schemas/ProblemDetails"
                }
              }
            }
          }
        },
        "security": [
          {
            "JWT": []
          }
        ]
      }
    },
    "/api/Customers/GetAll": {
      "get": {
        "tags": [
          "Customers"
        ],
        "operationId": "Customers_GetAll",
        "responses": {
          "200": {
            "description": "",
            "content": {
              "application/json": {
                "schema": {
                  "$ref": "#/components/schemas/CustomersListVm"
                }
              }
            }
          }
        },
        "security": [
          {
            "JWT": []
          }
        ]
      }
    },
    "/api/Customers/Get/{id}": {
      "get": {
        "tags": [
          "Customers"
        ],
        "operationId": "Customers_Get",
        "parameters": [
          {
            "name": "id",
            "in": "path",
            "required": true,
            "schema": {
              "type": "string",
              "nullable": true
            },
            "x-position": 1
          }
        ],
        "responses": {
          "200": {
            "description": "",
            "content": {
              "application/json": {
                "schema": {
                  "$ref": "#/components/schemas/CustomerDetailVm"
                }
              }
            }
          },
          "404": {
            "description": "",
            "content": {
              "application/json": {
                "schema": {
                  "$ref": "#/components/schemas/ProblemDetails"
                }
              }
            }
          }
        },
        "security": [
          {
            "JWT": []
          }
        ]
      }
    },
    "/api/Customers/Create": {
      "post": {
        "tags": [
          "Customers"
        ],
        "operationId": "Customers_Create",
        "requestBody": {
          "x-name": "command",
          "content": {
            "application/json": {
              "schema": {
                "$ref": "#/components/schemas/CreateCustomerCommand"
              }
            }
          },
          "required": true,
          "x-position": 1
        },
        "responses": {
          "204": {
            "description": ""
          },
          "default": {
            "description": "",
            "content": {
              "application/json": {
                "schema": {
                  "$ref": "#/components/schemas/ProblemDetails"
                }
              }
            }
          }
        },
        "security": [
          {
            "JWT": []
          }
        ]
      }
    },
    "/api/Customers/Update/{id}": {
      "put": {
        "tags": [
          "Customers"
        ],
        "operationId": "Customers_Update",
        "parameters": [
          {
            "name": "id",
            "in": "path",
            "required": true,
            "schema": {
              "type": "string"
            },
            "x-position": 2
          }
        ],
        "requestBody": {
          "x-name": "command",
          "content": {
            "application/json": {
              "schema": {
                "$ref": "#/components/schemas/UpdateCustomerCommand"
              }
            }
          },
          "required": true,
          "x-position": 1
        },
        "responses": {
          "204": {
            "description": ""
          },
          "404": {
            "description": "",
            "content": {
              "application/json": {
                "schema": {
                  "$ref": "#/components/schemas/ProblemDetails"
                }
              }
            }
          }
        },
        "security": [
          {
            "JWT": []
          }
        ]
      }
    },
    "/api/Customers/Delete/{id}": {
      "delete": {
        "tags": [
          "Customers"
        ],
        "operationId": "Customers_Delete",
        "parameters": [
          {
            "name": "id",
            "in": "path",
            "required": true,
            "schema": {
              "type": "string",
              "nullable": true
            },
            "x-position": 1
          }
        ],
        "responses": {
          "204": {
            "description": ""
          },
          "404": {
            "description": "",
            "content": {
              "application/json": {
                "schema": {
                  "$ref": "#/components/schemas/ProblemDetails"
                }
              }
            }
          }
        },
        "security": [
          {
            "JWT": []
          }
        ]
      }
    },
    "/api/Employees/GetAll": {
      "get": {
        "tags": [
          "Employees"
        ],
        "operationId": "Employees_GetAll",
        "responses": {
          "200": {
            "description": "",
            "content": {
              "application/json": {
                "schema": {
                  "$ref": "#/components/schemas/EmployeesListVm"
                }
              }
            }
          }
        },
        "security": [
          {
            "JWT": []
          }
        ]
      }
    },
    "/api/Employees/Get/{id}": {
      "get": {
        "tags": [
          "Employees"
        ],
        "operationId": "Employees_Get",
        "parameters": [
          {
            "name": "id",
            "in": "path",
            "required": true,
            "schema": {
              "type": "integer",
              "format": "int32"
            },
            "x-position": 1
          }
        ],
        "responses": {
          "200": {
            "description": "",
            "content": {
              "application/json": {
                "schema": {
                  "$ref": "#/components/schemas/EmployeeDetailVm"
                }
              }
            }
          }
        },
        "security": [
          {
            "JWT": []
          }
        ]
      }
    },
    "/api/Employees/Upsert": {
      "post": {
        "tags": [
          "Employees"
        ],
        "operationId": "Employees_Upsert",
        "requestBody": {
          "x-name": "command",
          "content": {
            "application/json": {
              "schema": {
                "$ref": "#/components/schemas/UpsertEmployeeCommand"
              }
            }
          },
          "required": true,
          "x-position": 1
        },
        "responses": {
          "204": {
            "description": ""
          },
          "default": {
            "description": "",
            "content": {
              "application/json": {
                "schema": {
                  "$ref": "#/components/schemas/ProblemDetails"
                }
              }
            }
          }
        },
        "security": [
          {
            "JWT": []
          }
        ]
      }
    },
    "/api/Employees/Delete/{id}": {
      "delete": {
        "tags": [
          "Employees"
        ],
        "operationId": "Employees_Delete",
        "parameters": [
          {
            "name": "id",
            "in": "path",
            "required": true,
            "schema": {
              "type": "integer",
              "format": "int32"
            },
            "x-position": 1
          }
        ],
        "responses": {
          "204": {
            "description": ""
          },
          "404": {
            "description": "",
            "content": {
              "application/json": {
                "schema": {
                  "$ref": "#/components/schemas/ProblemDetails"
                }
              }
            }
          }
        },
        "security": [
          {
            "JWT": []
          }
        ]
      }
    },
    "/api/Products/GetAll": {
      "get": {
        "tags": [
          "Products"
        ],
        "operationId": "Products_GetAll",
        "responses": {
          "200": {
            "description": "",
            "content": {
              "application/json": {
                "schema": {
                  "$ref": "#/components/schemas/ProductsListVm"
                }
              }
            }
          }
        },
        "security": [
          {
            "JWT": []
          }
        ]
      }
    },
    "/api/Products/Get/{id}": {
      "get": {
        "tags": [
          "Products"
        ],
        "operationId": "Products_Get",
        "parameters": [
          {
            "name": "id",
            "in": "path",
            "required": true,
            "schema": {
              "type": "integer",
              "format": "int32"
            },
            "x-position": 1
          }
        ],
        "responses": {
          "200": {
            "description": "",
            "content": {
              "application/json": {
                "schema": {
                  "$ref": "#/components/schemas/ProductDetailVm"
                }
              }
            }
          },
          "404": {
            "description": "",
            "content": {
              "application/json": {
                "schema": {
                  "$ref": "#/components/schemas/ProblemDetails"
                }
              }
            }
          },
          "default": {
            "description": "",
            "content": {
              "application/json": {
                "schema": {
                  "$ref": "#/components/schemas/ProblemDetails"
                }
              }
            }
          }
        },
        "security": [
          {
            "JWT": []
          }
        ]
      }
    },
    "/api/Products/Create": {
      "post": {
        "tags": [
          "Products"
        ],
        "operationId": "Products_Create",
        "requestBody": {
          "x-name": "command",
          "content": {
            "application/json": {
              "schema": {
                "$ref": "#/components/schemas/CreateProductCommand"
              }
            }
          },
          "required": true,
          "x-position": 1
        },
        "responses": {
          "201": {
            "description": "",
            "content": {
              "application/json": {
                "schema": {
                  "type": "integer",
                  "format": "int32"
                }
              }
            }
          },
          "400": {
            "description": "",
            "content": {
              "application/json": {
                "schema": {
                  "$ref": "#/components/schemas/ProblemDetails"
                }
              }
            }
          },
          "default": {
            "description": "",
            "content": {
              "application/json": {
                "schema": {
                  "$ref": "#/components/schemas/ProblemDetails"
                }
              }
            }
          }
        },
        "security": [
          {
            "JWT": []
          }
        ]
      }
    },
    "/api/Products/Update": {
      "put": {
        "tags": [
          "Products"
        ],
        "operationId": "Products_Update",
        "requestBody": {
          "x-name": "command",
          "content": {
            "application/json": {
              "schema": {
                "$ref": "#/components/schemas/UpdateProductCommand"
              }
            }
          },
          "required": true,
          "x-position": 1
        },
        "responses": {
          "204": {
            "description": ""
          },
          "default": {
            "description": "",
            "content": {
              "application/json": {
                "schema": {
                  "$ref": "#/components/schemas/ProblemDetails"
                }
              }
            }
          }
        },
        "security": [
          {
            "JWT": []
          }
        ]
      }
    },
    "/api/Products/Delete/{id}": {
      "delete": {
        "tags": [
          "Products"
        ],
        "operationId": "Products_Delete",
        "parameters": [
          {
            "name": "id",
            "in": "path",
            "required": true,
            "schema": {
              "type": "integer",
              "format": "int32"
            },
            "x-position": 1
          }
        ],
        "responses": {
          "204": {
            "description": ""
          },
          "default": {
            "description": "",
            "content": {
              "application/json": {
                "schema": {
                  "$ref": "#/components/schemas/ProblemDetails"
                }
              }
            }
          }
        },
        "security": [
          {
            "JWT": []
          }
        ]
      }
    },
    "/api/Products/Download": {
      "get": {
        "tags": [
          "Products"
        ],
        "operationId": "Products_Download",
        "responses": {
          "200": {
            "description": "",
            "content": {
              "application/octet-stream": {
                "schema": {
                  "type": "string",
                  "format": "binary"
                }
              }
            }
          }
        },
        "security": [
          {
            "JWT": []
          }
        ]
      }
    }
  },
  "components": {
    "schemas": {
      "ApplicationDataViewModel": {
        "type": "object",
        "additionalProperties": false,
        "properties": {
          "content": {
            "type": "object",
            "nullable": true,
            "additionalProperties": {
              "type": "string"
            }
          },
          "cookieConsent": {
            "nullable": true
          },
          "cultures": {
            "type": "array",
            "nullable": true,
            "items": {
              "$ref": "#/components/schemas/CulturesDisplayViewModel"
            }
          },
          "environmentInfo": {
            "nullable": true,
            "oneOf": [
              {
                "$ref": "#/components/schemas/EnvironmentInformation"
              }
            ]
          }
        }
      },
      "CulturesDisplayViewModel": {
        "type": "object",
        "additionalProperties": false,
        "properties": {
          "value": {
            "type": "string",
            "nullable": true
          },
          "text": {
            "type": "string",
            "nullable": true
          },
          "current": {
            "type": "boolean"
          }
        }
      },
      "EnvironmentInformation": {
        "type": "object",
        "additionalProperties": false,
        "properties": {
          "os": {
            "type": "string",
            "nullable": true
          },
          "machineName": {
            "type": "string",
            "nullable": true
          },
          "environmentName": {
            "type": "string",
            "nullable": true
          },
          "frameworkVersion": {
            "type": "string",
            "nullable": true
          },
          "commitHash": {
            "type": "string",
            "nullable": true
          },
          "branch": {
            "type": "string",
            "nullable": true
          },
          "tag": {
            "type": "string",
            "nullable": true
          }
        }
      },
      "CategoriesListVm": {
        "type": "object",
        "additionalProperties": false,
        "properties": {
          "categories": {
            "type": "array",
            "nullable": true,
            "items": {
              "$ref": "#/components/schemas/CategoryDto"
            }
          },
          "count": {
            "type": "integer",
            "format": "int32"
          }
        }
      },
      "CategoryDto": {
        "type": "object",
        "additionalProperties": false,
        "properties": {
          "id": {
            "type": "integer",
            "format": "int32"
          },
          "name": {
            "type": "string",
            "nullable": true
          },
          "description": {
            "type": "string",
            "nullable": true
          },
          "picture": {
            "type": "string",
            "format": "byte",
            "nullable": true
          }
        }
      },
      "ProblemDetails": {
        "type": "object",
        "additionalProperties": {
          "nullable": true
        },
        "properties": {
          "type": {
            "type": "string",
            "nullable": true
          },
          "title": {
            "type": "string",
            "nullable": true
          },
          "status": {
            "type": "integer",
            "format": "int32",
            "nullable": true
          },
          "detail": {
            "type": "string",
            "nullable": true
          },
          "instance": {
            "type": "string",
            "nullable": true
          },
          "extensions": {
            "type": "object",
            "additionalProperties": {}
          }
        }
      },
      "UpsertCategoryCommand": {
        "type": "object",
        "additionalProperties": false,
        "properties": {
          "id": {
            "type": "integer",
            "format": "int32",
            "nullable": true
          },
          "name": {
            "type": "string",
            "nullable": true
          },
          "description": {
            "type": "string",
            "nullable": true
          },
          "picture": {
            "type": "string",
            "format": "byte",
            "nullable": true
          }
        }
      },
      "CustomersListVm": {
        "type": "object",
        "additionalProperties": false,
        "properties": {
          "customers": {
            "type": "array",
            "nullable": true,
            "items": {
              "$ref": "#/components/schemas/CustomerLookupDto"
            }
          }
        }
      },
      "CustomerLookupDto": {
        "type": "object",
        "additionalProperties": false,
        "properties": {
          "id": {
            "type": "string",
            "nullable": true
          },
          "name": {
            "type": "string",
            "nullable": true
          }
        }
      },
      "CustomerDetailVm": {
        "type": "object",
        "additionalProperties": false,
        "properties": {
          "id": {
            "type": "string",
            "nullable": true
          },
          "address": {
            "type": "string",
            "nullable": true
          },
          "city": {
            "type": "string",
            "nullable": true
          },
          "companyName": {
            "type": "string",
            "nullable": true
          },
          "contactName": {
            "type": "string",
            "nullable": true
          },
          "contactTitle": {
            "type": "string",
            "nullable": true
          },
          "country": {
            "type": "string",
            "nullable": true
          },
          "fax": {
            "type": "string",
            "nullable": true
          },
          "phone": {
            "type": "string",
            "nullable": true
          },
          "postalCode": {
            "type": "string",
            "nullable": true
          },
          "region": {
            "type": "string",
            "nullable": true
          }
        }
      },
      "CreateCustomerCommand": {
        "type": "object",
        "additionalProperties": false,
        "properties": {
          "id": {
            "type": "string",
            "nullable": true
          },
          "address": {
            "type": "string",
            "nullable": true
          },
          "city": {
            "type": "string",
            "nullable": true
          },
          "companyName": {
            "type": "string",
            "nullable": true
          },
          "contactName": {
            "type": "string",
            "nullable": true
          },
          "contactTitle": {
            "type": "string",
            "nullable": true
          },
          "country": {
            "type": "string",
            "nullable": true
          },
          "fax": {
            "type": "string",
            "nullable": true
          },
          "phone": {
            "type": "string",
            "nullable": true
          },
          "postalCode": {
            "type": "string",
            "nullable": true
          },
          "region": {
            "type": "string",
            "nullable": true
          }
        }
      },
      "UpdateCustomerCommand": {
        "type": "object",
        "additionalProperties": false,
        "properties": {
          "id": {
            "type": "string",
            "nullable": true
          },
          "address": {
            "type": "string",
            "nullable": true
          },
          "city": {
            "type": "string",
            "nullable": true
          },
          "companyName": {
            "type": "string",
            "nullable": true
          },
          "contactName": {
            "type": "string",
            "nullable": true
          },
          "contactTitle": {
            "type": "string",
            "nullable": true
          },
          "country": {
            "type": "string",
            "nullable": true
          },
          "fax": {
            "type": "string",
            "nullable": true
          },
          "phone": {
            "type": "string",
            "nullable": true
          },
          "postalCode": {
            "type": "string",
            "nullable": true
          },
          "region": {
            "type": "string",
            "nullable": true
          }
        }
      },
      "EmployeesListVm": {
        "type": "object",
        "additionalProperties": false,
        "properties": {
          "employees": {
            "type": "array",
            "nullable": true,
            "items": {
              "$ref": "#/components/schemas/EmployeeLookupDto"
            }
          }
        }
      },
      "EmployeeLookupDto": {
        "type": "object",
        "additionalProperties": false,
        "properties": {
          "id": {
            "type": "integer",
            "format": "int32"
          },
          "name": {
            "type": "string",
            "nullable": true
          },
          "position": {
            "type": "string",
            "nullable": true
          },
          "extension": {
            "type": "string",
            "nullable": true
          }
        }
      },
      "EmployeeDetailVm": {
        "type": "object",
        "additionalProperties": false,
        "properties": {
          "id": {
            "type": "integer",
            "format": "int32"
          },
          "title": {
            "type": "string",
            "nullable": true
          },
          "firstName": {
            "type": "string",
            "nullable": true
          },
          "lastName": {
            "type": "string",
            "nullable": true
          },
          "birthDate": {
            "type": "string",
            "format": "date-time",
            "nullable": true
          },
          "address": {
            "type": "string",
            "nullable": true
          },
          "city": {
            "type": "string",
            "nullable": true
          },
          "region": {
            "type": "string",
            "nullable": true
          },
          "postalCode": {
            "type": "string",
            "nullable": true
          },
          "country": {
            "type": "string",
            "nullable": true
          },
          "homePhone": {
            "type": "string",
            "nullable": true
          },
          "position": {
            "type": "string",
            "nullable": true
          },
          "extension": {
            "type": "string",
            "nullable": true
          },
          "hireDate": {
            "type": "string",
            "format": "date-time",
            "nullable": true
          },
          "notes": {
            "type": "string",
            "nullable": true
          },
          "photo": {
            "type": "string",
            "format": "byte",
            "nullable": true
          },
          "managerId": {
            "type": "integer",
            "format": "int32",
            "nullable": true
          },
          "territories": {
            "type": "array",
            "nullable": true,
            "items": {
              "$ref": "#/components/schemas/EmployeeTerritoryDto"
            }
          }
        }
      },
      "EmployeeTerritoryDto": {
        "type": "object",
        "additionalProperties": false,
        "properties": {
          "territoryId": {
            "type": "string",
            "nullable": true
          },
          "territory": {
            "type": "string",
            "nullable": true
          },
          "region": {
            "type": "string",
            "nullable": true
          }
        }
      },
      "UpsertEmployeeCommand": {
        "type": "object",
        "additionalProperties": false,
        "properties": {
          "id": {
            "type": "integer",
            "format": "int32",
            "nullable": true
          },
          "title": {
            "type": "string",
            "nullable": true
          },
          "firstName": {
            "type": "string",
            "nullable": true
          },
          "lastName": {
            "type": "string",
            "nullable": true
          },
          "birthDate": {
            "type": "string",
            "format": "date-time",
            "nullable": true
          },
          "address": {
            "type": "string",
            "nullable": true
          },
          "city": {
            "type": "string",
            "nullable": true
          },
          "region": {
            "type": "string",
            "nullable": true
          },
          "postalCode": {
            "type": "string",
            "nullable": true
          },
          "country": {
            "type": "string",
            "nullable": true
          },
          "homePhone": {
            "type": "string",
            "nullable": true
          },
          "position": {
            "type": "string",
            "nullable": true
          },
          "extension": {
            "type": "string",
            "nullable": true
          },
          "hireDate": {
            "type": "string",
            "format": "date-time",
            "nullable": true
          },
          "notes": {
            "type": "string",
            "nullable": true
          },
          "photo": {
            "type": "string",
            "format": "byte",
            "nullable": true
          },
          "managerId": {
            "type": "integer",
            "format": "int32",
            "nullable": true
          }
        }
      },
      "ProductsListVm": {
        "type": "object",
        "additionalProperties": false,
        "properties": {
          "products": {
            "type": "array",
            "nullable": true,
            "items": {
              "$ref": "#/components/schemas/ProductDto"
            }
          },
          "createEnabled": {
            "type": "boolean"
          }
        }
      },
      "ProductDto": {
        "type": "object",
        "additionalProperties": false,
        "properties": {
          "productId": {
            "type": "integer",
            "format": "int32"
          },
          "productName": {
            "type": "string",
            "nullable": true
          },
          "unitPrice": {
            "type": "number",
            "format": "decimal",
            "nullable": true
          },
          "supplierId": {
            "type": "integer",
            "format": "int32",
            "nullable": true
          },
          "supplierCompanyName": {
            "type": "string",
            "nullable": true
          },
          "categoryId": {
            "type": "integer",
            "format": "int32",
            "nullable": true
          },
          "categoryName": {
            "type": "string",
            "nullable": true
          },
          "discontinued": {
            "type": "boolean"
          }
        }
      },
      "ProductDetailVm": {
        "type": "object",
        "additionalProperties": false,
        "properties": {
          "productId": {
            "type": "integer",
            "format": "int32"
          },
          "productName": {
            "type": "string",
            "nullable": true
          },
          "unitPrice": {
            "type": "number",
            "format": "decimal",
            "nullable": true
          },
          "supplierId": {
            "type": "integer",
            "format": "int32",
            "nullable": true
          },
          "supplierCompanyName": {
            "type": "string",
            "nullable": true
          },
          "categoryId": {
            "type": "integer",
            "format": "int32",
            "nullable": true
          },
          "categoryName": {
            "type": "string",
            "nullable": true
          },
          "discontinued": {
            "type": "boolean"
          },
          "editEnabled": {
            "type": "boolean"
          },
          "deleteEnabled": {
            "type": "boolean"
          }
        }
      },
      "CreateProductCommand": {
        "type": "object",
        "additionalProperties": false,
        "properties": {
          "productName": {
            "type": "string",
            "nullable": true
          },
          "unitPrice": {
            "type": "number",
            "format": "decimal",
            "nullable": true
          },
          "supplierId": {
            "type": "integer",
            "format": "int32",
            "nullable": true
          },
          "categoryId": {
            "type": "integer",
            "format": "int32",
            "nullable": true
          },
          "discontinued": {
            "type": "boolean"
          }
        }
      },
      "UpdateProductCommand": {
        "type": "object",
        "additionalProperties": false,
        "properties": {
          "productId": {
            "type": "integer",
            "format": "int32"
          },
          "productName": {
            "type": "string",
            "nullable": true
          },
          "unitPrice": {
            "type": "number",
            "format": "decimal",
            "nullable": true
          },
          "supplierId": {
            "type": "integer",
            "format": "int32",
            "nullable": true
          },
          "categoryId": {
            "type": "integer",
            "format": "int32",
            "nullable": true
          },
          "discontinued": {
            "type": "boolean"
          }
        }
      }
    },
    "securitySchemes": {
      "JWT": {
        "type": "apiKey",
        "description": "Type into the textbox: Bearer {your JWT token}.",
        "name": "Authorization",
        "in": "header"
      }
    }
  },
  "security": [
    {
      "JWT": []
    }
  ]
}